cell_id,cycle,discharge_capacity_Ah
b1c3,1,0.0
b1c3,2,1.0797229
b1c3,3,1.0812283
b1c3,4,1.0819938
b1c3,5,1.0827308
b1c3,6,1.083112
b1c3,7,1.08355
b1c3,8,1.0837905
b1c3,9,1.0840378
b1c3,10,1.0843078
b1c3,11,1.0843241
b1c3,12,1.084146
b1c3,13,1.0801494
b1c3,14,1.0828358
b1c3,15,1.0833995
b1c3,16,1.0839369
b1c3,17,1.0842366
b1c3,18,1.0844988
b1c3,19,1.0845997
b1c3,20,1.0849102
b1c3,21,1.0849816
b1c3,22,1.0850784
b1c3,23,1.0852121
b1c3,24,1.0853114
b1c3,25,1.0854828
b1c3,26,1.0855538
b1c3,27,1.0855597
b1c3,28,1.0854679
b1c3,29,1.0854152
b1c3,30,1.0854537
b1c3,31,1.0854599
b1c3,32,1.0854311
b1c3,33,1.0853695
b1c3,34,1.085397
b1c3,35,1.0854614
b1c3,36,1.0853621
b1c3,37,1.0854149
b1c3,38,1.0854114
b1c3,39,1.0853826
b1c3,40,1.0854635
b1c3,41,1.0854844
b1c3,42,1.0855337
b1c3,43,1.0855618
b1c3,44,1.085567
b1c3,45,1.0855333
b1c3,46,1.0855768
b1c3,47,1.0856103
b1c3,48,1.0856651
b1c3,49,1.0857081
b1c3,50,1.085786
b1c3,51,1.0856825
b1c3,52,1.0858119
b1c3,53,1.0857023
b1c3,54,1.0857193
b1c3,55,1.0856463
b1c3,56,1.0855734
b1c3,57,1.0854634
b1c3,58,1.0854337
b1c3,59,1.0854168
b1c3,60,1.0853405
b1c3,61,1.0853049
b1c3,62,1.085326
b1c3,63,1.0852576
b1c3,64,1.0853672
b1c3,65,1.085776
b1c3,66,1.0859883
b1c3,67,1.0861838
b1c3,68,1.086253
b1c3,69,1.086098
b1c3,70,1.0853186
b1c3,71,1.0854003
b1c3,72,1.0853723
b1c3,73,1.0854259
b1c3,74,1.0853949
b1c3,75,1.0854065
b1c3,76,1.0854642
b1c3,77,1.0854348
b1c3,78,1.0854254
b1c3,79,1.0853767
b1c3,80,1.0853026
b1c3,81,1.0852393
b1c3,82,1.085196
b1c3,83,1.0851202
b1c3,84,1.0850787
b1c3,85,1.0850545
b1c3,86,1.0850168
b1c3,87,1.084957
b1c3,88,1.0848925
b1c3,89,1.0848627
b1c3,90,1.0848633
b1c3,91,1.0847851
b1c3,92,1.0848444
b1c3,93,1.0847695
b1c3,94,1.084747
b1c3,95,1.0847627
b1c3,96,1.0847682
b1c3,97,1.0848277
b1c3,98,1.0847731
b1c3,99,1.084765
b1c3,100,1.0847498
b1c3,101,1.0846678
b1c3,102,1.0846566
b1c3,103,1.0846378
b1c3,104,1.0846335
b1c3,105,1.0846103
b1c3,106,1.0845871
b1c3,107,1.0845556
b1c3,108,1.0845712
b1c3,109,1.084583
b1c3,110,1.0844593
b1c3,111,1.0843997
b1c3,112,1.0843788
b1c3,113,1.0843291
b1c3,114,1.0842854
b1c3,115,1.0842177
b1c3,116,1.0842142
b1c3,117,1.0841979
b1c3,118,1.084121
b1c3,119,1.0841068
b1c3,120,1.0840677
b1c3,121,1.0839566
b1c3,122,1.0839578
b1c3,123,1.0840232
b1c3,124,1.0840218
b1c3,125,1.0840709
b1c3,126,1.0841308
b1c3,127,1.0840877
b1c3,128,1.0839915
b1c3,129,1.0839114
b1c3,130,1.0839154
b1c3,131,1.0839843
b1c3,132,1.0839454
b1c3,133,1.0839752
b1c3,134,1.0840868
b1c3,135,1.08401
b1c3,136,1.0840062
b1c3,137,1.0838348
b1c3,138,1.0837884
b1c3,139,1.0837196
b1c3,140,1.0836221
b1c3,141,1.0835581
b1c3,142,1.0835664
b1c3,143,1.0834996
b1c3,144,1.0834476
b1c3,145,1.0833633
b1c3,146,1.0833584
b1c3,147,1.0832263
b1c3,148,1.0831798
b1c3,149,1.0831159
b1c3,150,1.0831796
b1c3,151,1.0831208
b1c3,152,1.0831757
b1c3,153,1.0831746
b1c3,154,1.0831856
b1c3,155,1.0829952
b1c3,156,1.0829121
b1c3,157,1.0828562
b1c3,158,1.0828874
b1c3,159,1.0828584
b1c3,160,1.0828091
b1c3,161,1.0827599
b1c3,162,1.0827731
b1c3,163,1.0828105
b1c3,164,1.082866
b1c3,165,1.0828493
b1c3,166,1.0827773
b1c3,167,1.0827954
b1c3,168,1.0827383
b1c3,169,1.0826697
b1c3,170,1.0826463
b1c3,171,1.0825381
b1c3,172,1.0824515
b1c3,173,1.0823683
b1c3,174,1.0823199
b1c3,175,1.0822684
b1c3,176,1.0824035
b1c3,177,1.082518
b1c3,178,1.0825118
b1c3,179,1.0824127
b1c3,180,1.0822315
b1c3,181,1.0821456
b1c3,182,1.0820292
b1c3,183,1.0821424
b1c3,184,1.0822997
b1c3,185,1.082386
b1c3,186,1.0823539
b1c3,187,1.0823928
b1c3,188,1.0823994
b1c3,189,1.0822458
b1c3,190,1.082163
b1c3,191,1.0818874
b1c3,192,1.0819384
b1c3,193,1.0819165
b1c3,194,1.081863
b1c3,195,1.081789
b1c3,196,1.081736
b1c3,197,1.0816919
b1c3,198,1.0815769
b1c3,199,1.0815357
b1c3,200,1.0814843
b1c3,201,1.0814089
b1c3,202,1.0814177
b1c3,203,1.0814677
b1c3,204,1.0816414
b1c3,205,1.0817471
b1c3,206,1.0816164
b1c3,207,1.081393
b1c3,208,1.0812212
b1c3,209,1.0811396
b1c3,210,1.0811932
b1c3,211,1.0814465
b1c3,212,1.0816115
b1c3,213,1.0817045
b1c3,214,1.0817196
b1c3,215,1.0816904
b1c3,216,1.081635
b1c3,217,1.0814594
b1c3,218,1.0812286
b1c3,219,1.0809274
b1c3,220,1.0809674
b1c3,221,1.080874
b1c3,222,1.0808077
b1c3,223,1.0807638
b1c3,224,1.0806947
b1c3,225,1.0806413
b1c3,226,1.0805442
b1c3,227,1.080488
b1c3,228,1.0804579
b1c3,229,1.0805582
b1c3,230,1.0805447
b1c3,231,1.0806819
b1c3,232,1.080826
b1c3,233,1.0806774
b1c3,234,1.080448
b1c3,235,1.080267
b1c3,236,1.0802946
b1c3,237,1.0801291
b1c3,238,1.0802127
b1c3,239,1.0803374
b1c3,240,1.0803715
b1c3,241,1.080435
b1c3,242,1.0804123
b1c3,243,1.0803292
b1c3,244,1.0802615
b1c3,245,1.0801409
b1c3,246,1.0798657
b1c3,247,1.0798571
b1c3,248,1.0798211
b1c3,249,1.0797673
b1c3,250,1.07969
b1c3,251,1.0796571
b1c3,252,1.0795416
b1c3,253,1.0795009
b1c3,254,1.0794427
b1c3,255,1.0794766
b1c3,256,1.0794626
b1c3,257,1.0794717
b1c3,258,1.0795105
b1c3,259,1.0796456
b1c3,260,1.0796448
b1c3,261,1.0794698
b1c3,262,1.079272
b1c3,263,1.0791957
b1c3,264,1.0790919
b1c3,265,1.079147
b1c3,266,1.0792894
b1c3,267,1.0794137
b1c3,268,1.0794321
b1c3,269,1.0794497
b1c3,270,1.079408
b1c3,271,1.079354
b1c3,272,1.0793394
b1c3,273,1.0790389
b1c3,274,1.0789319
b1c3,275,1.0789088
b1c3,276,1.078822
b1c3,277,1.0787451
b1c3,278,1.0787085
b1c3,279,1.0786767
b1c3,280,1.0786195
b1c3,281,1.0785588
b1c3,282,1.0784521
b1c3,283,1.0784314
b1c3,284,1.0783805
b1c3,285,1.0783957
b1c3,286,1.0784618
b1c3,287,1.0785363
b1c3,288,1.0783776
b1c3,289,1.0783181
b1c3,290,1.0783429
b1c3,291,1.0781975
b1c3,292,1.0781516
b1c3,293,1.0782388
b1c3,294,1.0783249
b1c3,295,1.0784035
b1c3,296,1.0784885
b1c3,297,1.0785078
b1c3,298,1.0785202
b1c3,299,1.0785371
b1c3,300,1.0783056
b1c3,301,1.0779893
b1c3,302,1.0777988
b1c3,303,1.0777197
b1c3,304,1.0776551
b1c3,305,1.0776105
b1c3,306,1.0775301
b1c3,307,1.0774966
b1c3,308,1.0774319
b1c3,309,1.0774405
b1c3,310,1.0773252
b1c3,311,1.0773305
b1c3,312,1.0772666
b1c3,313,1.0773222
b1c3,314,1.0772752
b1c3,315,1.0772712
b1c3,316,1.0773456
b1c3,317,1.0773131
b1c3,318,1.077292
b1c3,319,1.0770893
b1c3,320,1.0770524
b1c3,321,1.0771217
b1c3,322,1.0771369
b1c3,323,1.077163
b1c3,324,1.0771496
b1c3,325,1.0770859
b1c3,326,1.0771114
b1c3,327,1.0771055
b1c3,328,1.0768123
b1c3,329,1.0768719
b1c3,330,1.0768789
b1c3,331,1.0767857
b1c3,332,1.0766708
b1c3,333,1.076678
b1c3,334,1.0766753
b1c3,335,1.0765896
b1c3,336,1.0765491
b1c3,337,1.0764641
b1c3,338,1.0764146
b1c3,339,1.0764247
b1c3,340,1.0770514
b1c3,341,1.0774496
b1c3,342,1.0775964
b1c3,343,1.0775149
b1c3,344,1.0774205
b1c3,345,1.0774122
b1c3,346,1.077369
b1c3,347,1.0775622
b1c3,348,1.0778348
b1c3,349,1.0780154
b1c3,350,1.0781935
b1c3,351,1.0782865
b1c3,352,1.0782914
b1c3,353,1.0783143
b1c3,354,1.0783333
b1c3,355,1.0780182
b1c3,356,1.0776743
b1c3,357,1.0773761
b1c3,358,1.0771856
b1c3,359,1.0770206
b1c3,360,1.0769717
b1c3,361,1.0768352
b1c3,362,1.0768148
b1c3,363,1.0767529
b1c3,364,1.0767064
b1c3,365,1.0766937
b1c3,366,1.0766143
b1c3,367,1.0765874
b1c3,368,1.0766803
b1c3,369,1.0766546
b1c3,370,1.0765345
b1c3,371,1.07643
b1c3,372,1.0763266
b1c3,373,1.0762303
b1c3,374,1.0762793
b1c3,375,1.0764942
b1c3,376,1.076654
b1c3,377,1.0768113
b1c3,378,1.0768533
b1c3,379,1.0769154
b1c3,380,1.0769253
b1c3,381,1.0770178
b1c3,382,1.0768487
b1c3,383,1.076537
b1c3,384,1.0763083
b1c3,385,1.0761175
b1c3,386,1.0759372
b1c3,387,1.0758693
b1c3,388,1.0757666
b1c3,389,1.0756929
b1c3,390,1.0756984
b1c3,391,1.0756533
b1c3,392,1.0756763
b1c3,393,1.0756392
b1c3,394,1.0755847
b1c3,395,1.0756655
b1c3,396,1.0757906
b1c3,397,1.0756688
b1c3,398,1.0755125
b1c3,399,1.0753624
b1c3,400,1.0752343
b1c3,401,1.0751683
b1c3,402,1.0753533
b1c3,403,1.0755324
b1c3,404,1.0757183
b1c3,405,1.0758065
b1c3,406,1.0757983
b1c3,407,1.0758308
b1c3,408,1.0758443
b1c3,409,1.0757962
b1c3,410,1.0755035
b1c3,411,1.0752534
b1c3,412,1.0750072
b1c3,413,1.0748681
b1c3,414,1.0747521
b1c3,415,1.0746888
b1c3,416,1.0746148
b1c3,417,1.0745554
b1c3,418,1.0745457
b1c3,419,1.0745339
b1c3,420,1.0745198
b1c3,421,1.0745418
b1c3,422,1.0745783
b1c3,423,1.0746568
b1c3,424,1.074661
b1c3,425,1.0745052
b1c3,426,1.074306
b1c3,427,1.074149
b1c3,428,1.0740281
b1c3,429,1.0740621
b1c3,430,1.0742995
b1c3,431,1.0744506
b1c3,432,1.0744389
b1c3,433,1.0745679
b1c3,434,1.07456
b1c3,435,1.0745476
b1c3,436,1.0744752
b1c3,437,1.0742904
b1c3,438,1.0739579
b1c3,439,1.0737436
b1c3,440,1.073591
b1c3,441,1.0734739
b1c3,442,1.0734398
b1c3,443,1.0730978
b1c3,444,1.0733006
b1c3,445,1.0732824
b1c3,446,1.0732311
b1c3,447,1.0732306
b1c3,448,1.0732222
b1c3,449,1.0732244
b1c3,450,1.0733613
b1c3,451,1.0733746
b1c3,452,1.0732112
b1c3,453,1.0730406
b1c3,454,1.0729457
b1c3,455,1.0728221
b1c3,456,1.0728004
b1c3,457,1.0728793
b1c3,458,1.0730073
b1c3,459,1.0730311
b1c3,460,1.0732092
b1c3,461,1.0731173
b1c3,462,1.0731091
b1c3,463,1.07304
b1c3,464,1.0730141
b1c3,465,1.0727364
b1c3,466,1.0725198
b1c3,467,1.0723691
b1c3,468,1.0722308
b1c3,469,1.0721487
b1c3,470,1.0720574
b1c3,471,1.0720305
b1c3,472,1.0720005
b1c3,473,1.0719175
b1c3,474,1.071856
b1c3,475,1.0717726
b1c3,476,1.0717462
b1c3,477,1.0717498
b1c3,478,1.0716352
b1c3,479,1.0716394
b1c3,480,1.071579
b1c3,481,1.0714942
b1c3,482,1.0714242
b1c3,483,1.071363
b1c3,484,1.071568
b1c3,485,1.0718137
b1c3,486,1.0720332
b1c3,487,1.0721149
b1c3,488,1.0722175
b1c3,489,1.0722313
b1c3,490,1.0722903
b1c3,491,1.0722848
b1c3,492,1.0719745
b1c3,493,1.0716251
b1c3,494,1.0713266
b1c3,495,1.0711154
b1c3,496,1.071023
b1c3,497,1.0708991
b1c3,498,1.0706998
b1c3,499,1.0704384
b1c3,500,1.0690076
b1c3,501,1.0661081
b1c3,502,1.0704533
b1c3,503,1.0681568
b1c3,504,1.0691772
b1c3,505,1.0690328
b1c3,506,1.0690389
b1c3,507,1.0690489
b1c3,508,1.0690632
b1c3,509,1.069098
b1c3,510,1.0690771
b1c3,511,1.0688887
b1c3,512,1.0688984
b1c3,513,1.0690066
b1c3,514,1.0690308
b1c3,515,1.0690925
b1c3,516,1.0691242
b1c3,517,1.0692281
b1c3,518,1.069163
b1c3,519,1.0691237
b1c3,520,1.0688432
b1c3,521,1.0685549
b1c3,522,1.068387
b1c3,523,1.0683511
b1c3,524,1.0682809
b1c3,525,1.0682194
b1c3,526,1.0681629
b1c3,527,1.0681245
b1c3,528,1.0680504
b1c3,529,1.0679786
b1c3,530,1.0679474
b1c3,531,1.067935
b1c3,532,1.067976
b1c3,533,1.0679834
b1c3,534,1.0679106
b1c3,535,1.0677751
b1c3,536,1.0677193
b1c3,537,1.0676483
b1c3,538,1.0675859
b1c3,539,1.0675685
b1c3,540,1.0676757
b1c3,541,1.0677795
b1c3,542,1.067753
b1c3,543,1.0677736
b1c3,544,1.0677402
b1c3,545,1.0676835
b1c3,546,1.0675991
b1c3,547,1.0674046
b1c3,548,1.0671737
b1c3,549,1.0671915
b1c3,550,1.067211
b1c3,551,1.067158
b1c3,552,1.0670325
b1c3,553,1.0669584
b1c3,554,1.0669023
b1c3,555,1.0668036
b1c3,556,1.0667052
b1c3,557,1.0666617
b1c3,558,1.0666211
b1c3,559,1.0665894
b1c3,560,1.0666052
b1c3,561,1.0666715
b1c3,562,1.0665203
b1c3,563,1.0665113
b1c3,564,1.0664586
b1c3,565,1.06644
b1c3,566,1.0662081
b1c3,567,1.0663333
b1c3,568,1.0664775
b1c3,569,1.0666142
b1c3,570,1.0666863
b1c3,571,1.0667042
b1c3,572,1.0666677
b1c3,573,1.0666822
b1c3,574,1.0666614
b1c3,575,1.0662985
b1c3,576,1.0659221
b1c3,577,1.0659647
b1c3,578,1.0658207
b1c3,579,1.065733
b1c3,580,1.065605
b1c3,581,1.0655385
b1c3,582,1.0654867
b1c3,583,1.0654666
b1c3,584,1.0653852
b1c3,585,1.0653673
b1c3,586,1.0650296
b1c3,587,1.0652369
b1c3,588,1.0652375
b1c3,589,1.065245
b1c3,590,1.0651752
b1c3,591,1.0651844
b1c3,592,1.0651767
b1c3,593,1.0650409
b1c3,594,1.0649786
b1c3,595,1.0650134
b1c3,596,1.0651648
b1c3,597,1.0648971
b1c3,598,1.0652255
b1c3,599,1.0651878
b1c3,600,1.0651513
b1c3,601,1.0650841
b1c3,602,1.0649133
b1c3,603,1.0646394
b1c3,604,1.0646367
b1c3,605,1.0645945
b1c3,606,1.064394
b1c3,607,1.0643892
b1c3,608,1.0644413
b1c3,609,1.0643705
b1c3,610,1.0643855
b1c3,611,1.0642904
b1c3,612,1.0634801
b1c3,613,1.0640864
b1c3,614,1.0640728
b1c3,615,1.063948
b1c3,616,1.0639752
b1c3,617,1.0638908
b1c3,618,1.064051
b1c3,619,1.0639035
b1c3,620,1.0638531
b1c3,621,1.0637401
b1c3,622,1.063628
b1c3,623,1.0635829
b1c3,624,1.0636693
b1c3,625,1.063625
b1c3,626,1.063555
b1c3,627,1.0633475
b1c3,628,1.0632478
b1c3,629,1.0633909
b1c3,630,1.0634875
b1c3,631,1.0633433
b1c3,632,1.0632769
b1c3,633,1.0632435
b1c3,634,1.0631936
b1c3,635,1.0631635
b1c3,636,1.0631235
b1c3,637,1.0630413
b1c3,638,1.0629972
b1c3,639,1.0629019
b1c3,640,1.0628215
b1c3,641,1.0627861
b1c3,642,1.0626938
b1c3,643,1.062469
b1c3,644,1.0626063
b1c3,645,1.0626073
b1c3,646,1.0626409
b1c3,647,1.0624455
b1c3,648,1.0625837
b1c3,649,1.0623401
b1c3,650,1.0623375
b1c3,651,1.0624065
b1c3,652,1.0624244
b1c3,653,1.0623883
b1c3,654,1.0621463
b1c3,655,1.062206
b1c3,656,1.0620601
b1c3,657,1.0618271
b1c3,658,1.0619439
b1c3,659,1.0619981
b1c3,660,1.0619216
b1c3,661,1.0620112
b1c3,662,1.0619563
b1c3,663,1.0619134
b1c3,664,1.0618366
b1c3,665,1.0617914
b1c3,666,1.061769
b1c3,667,1.0616856
b1c3,668,1.0616089
b1c3,669,1.0615634
b1c3,670,1.061446
b1c3,671,1.0610991
b1c3,672,1.0614055
b1c3,673,1.0612526
b1c3,674,1.0614375
b1c3,675,1.0613569
b1c3,676,1.0612006
b1c3,677,1.0610174
b1c3,678,1.0609925
b1c3,679,1.0610212
b1c3,680,1.0608757
b1c3,681,1.0609505
b1c3,682,1.0608768
b1c3,683,1.060783
b1c3,684,1.0607835
b1c3,685,1.0606401
b1c3,686,1.0607945
b1c3,687,1.0605915
b1c3,688,1.0605693
b1c3,689,1.0607073
b1c3,690,1.0606595
b1c3,691,1.0605428
b1c3,692,1.0605208
b1c3,693,1.060268
b1c3,694,1.0601079
b1c3,695,1.0602527
b1c3,696,1.060222
b1c3,697,1.0601773
b1c3,698,1.0601343
b1c3,699,1.0601205
b1c3,700,1.0601251
b1c3,701,1.0596724
b1c3,702,1.0599495
b1c3,703,1.0599784
b1c3,704,1.0597321
b1c3,705,1.0595857
b1c3,706,1.0593928
b1c3,707,1.059545
b1c3,708,1.0595942
b1c3,709,1.0594494
b1c3,710,1.0595437
b1c3,711,1.0594957
b1c3,712,1.0591123
b1c3,713,1.0593508
b1c3,714,1.0592753
b1c3,715,1.059361
b1c3,716,1.0587605
b1c3,717,1.0591475
b1c3,718,1.0589824
b1c3,719,1.0588963
b1c3,720,1.0592437
b1c3,721,1.0589333
b1c3,722,1.0592766
b1c3,723,1.0594481
b1c3,724,1.0591185
b1c3,725,1.0592369
b1c3,726,1.0593687
b1c3,727,1.0592481
b1c3,728,1.0592803
b1c3,729,1.0592432
b1c3,730,1.0591048
b1c3,731,1.0589254
b1c3,732,1.0590013
b1c3,733,1.0592582
b1c3,734,1.0587748
b1c3,735,1.0592295
b1c3,736,1.0595014
b1c3,737,1.0593107
b1c3,738,1.0598613
b1c3,739,1.059917
b1c3,740,1.0594833
b1c3,741,1.0591189
b1c3,742,1.0589969
b1c3,743,1.0584674
b1c3,744,1.058035
b1c3,745,1.0579271
b1c3,746,1.0581071
b1c3,747,1.0578418
b1c3,748,1.0575777
b1c3,749,1.0577149
b1c3,750,1.0578191
b1c3,751,1.0571498
b1c3,752,1.0576733
b1c3,753,1.057258
b1c3,754,1.0575182
b1c3,755,1.0575042
b1c3,756,1.0575122
b1c3,757,1.0574005
b1c3,758,1.057194
b1c3,759,1.0573276
b1c3,760,1.057496
b1c3,761,1.057641
b1c3,762,1.0577281
b1c3,763,1.0574093
b1c3,764,1.0577856
b1c3,765,1.0578225
b1c3,766,1.0576183
b1c3,767,1.0573267
b1c3,768,1.0576304
b1c3,769,1.0567987
b1c3,770,1.0570128
b1c3,771,1.0564919
b1c3,772,1.0565761
b1c3,773,1.05652
b1c3,774,1.0561954
b1c3,775,1.0563797
b1c3,776,1.0563593
b1c3,777,1.0560248
b1c3,778,1.0561455
b1c3,779,1.0561436
b1c3,780,1.0559597
b1c3,781,1.0560282
b1c3,782,1.0559742
b1c3,783,1.0556289
b1c3,784,1.0555079
b1c3,785,1.055498
b1c3,786,1.0556099
b1c3,787,1.0555787
b1c3,788,1.0556924
b1c3,789,1.0559169
b1c3,790,1.0557481
b1c3,791,1.055976
b1c3,792,1.0559967
b1c3,793,1.0560803
b1c3,794,1.0554994
b1c3,795,1.0558161
b1c3,796,1.0556017
b1c3,797,1.0554289
b1c3,798,1.0548047
b1c3,799,1.0551019
b1c3,800,1.0550013
b1c3,801,1.0543926
b1c3,802,1.0547506
b1c3,803,1.0546176
b1c3,804,1.0546854
b1c3,805,1.0541332
b1c3,806,1.0545591
b1c3,807,1.0544533
b1c3,808,1.0544931
b1c3,809,1.0544268
b1c3,810,1.0540314
b1c3,811,1.0539931
b1c3,812,1.0541331
b1c3,813,1.053728
b1c3,814,1.0536476
b1c3,815,1.0536199
b1c3,816,1.0536466
b1c3,817,1.0540172
b1c3,818,1.0536134
b1c3,819,1.0537493
b1c3,820,1.0535846
b1c3,821,1.0538671
b1c3,822,1.0539148
b1c3,823,1.0538862
b1c3,824,1.0535015
b1c3,825,1.0529766
b1c3,826,1.052946
b1c3,827,1.0528668
b1c3,828,1.0526242
b1c3,829,1.0525222
b1c3,830,1.0528015
b1c3,831,1.0522603
b1c3,832,1.0524096
b1c3,833,1.0518551
b1c3,834,1.0520028
b1c3,835,1.0522232
b1c3,836,1.0519092
b1c3,837,1.0518088
b1c3,838,1.051946
b1c3,839,1.0521134
b1c3,840,1.0521061
b1c3,841,1.0520067
b1c3,842,1.0519459
b1c3,843,1.0513839
b1c3,844,1.0514009
b1c3,845,1.0514263
b1c3,846,1.0515857
b1c3,847,1.0517715
b1c3,848,1.0518616
b1c3,849,1.0513805
b1c3,850,1.0514907
b1c3,851,1.051576
b1c3,852,1.0514729
b1c3,853,1.0506022
b1c3,854,1.0507826
b1c3,855,1.0504646
b1c3,856,1.0508981
b1c3,857,1.0506185
b1c3,858,1.050288
b1c3,859,1.0500094
b1c3,860,1.0506425
b1c3,861,1.0505993
b1c3,862,1.0505573
b1c3,863,1.0502738
b1c3,864,1.0504071
b1c3,865,1.0494196
b1c3,866,1.0500942
b1c3,867,1.0501623
b1c3,868,1.0500227
b1c3,869,1.0492288
b1c3,870,1.0494796
b1c3,871,1.0498575
b1c3,872,1.0495473
b1c3,873,1.0500505
b1c3,874,1.0497727
b1c3,875,1.0497702
b1c3,876,1.0503101
b1c3,877,1.0497657
b1c3,878,1.0497844
b1c3,879,1.045558
b1c3,880,1.0466702
b1c3,881,1.0476002
b1c3,882,1.0477731
b1c3,883,1.0479714
b1c3,884,1.0479676
b1c3,885,1.0476854
b1c3,886,1.0480777
b1c3,887,1.0480506
b1c3,888,1.0480726
b1c3,889,1.0476091
b1c3,890,1.0477462
b1c3,891,1.0473992
b1c3,892,1.0466876
b1c3,893,1.0475801
b1c3,894,1.0477087
b1c3,895,1.0477891
b1c3,896,1.0475028
b1c3,897,1.047803
b1c3,898,1.0476059
b1c3,899,1.048
b1c3,900,1.0479707
b1c3,901,1.0480657
b1c3,902,1.0479609
b1c3,903,1.0471594
b1c3,904,1.0471389
b1c3,905,1.0467441
b1c3,906,1.0468796
b1c3,907,1.0464486
b1c3,908,1.0464725
b1c3,909,1.0461278
b1c3,910,1.0460423
b1c3,911,1.0458651
b1c3,912,1.0461751
b1c3,913,1.0461732
b1c3,914,1.0462952
b1c3,915,1.0455815
b1c3,916,1.0459352
b1c3,917,1.0460229
b1c3,918,1.0460768
b1c3,919,1.0453715
b1c3,920,1.0453718
b1c3,921,1.0457135
b1c3,922,1.0452684
b1c3,923,1.0456436
b1c3,924,1.0458962
b1c3,925,1.0460699
b1c3,926,1.0461495
b1c3,927,1.0459689
b1c3,928,1.0461746
b1c3,929,1.0456153
b1c3,930,1.0456259
b1c3,931,1.0452348
b1c3,932,1.0448004
b1c3,933,1.044699
b1c3,934,1.0440915
b1c3,935,1.0440612
b1c3,936,1.0441654
b1c3,937,1.0438952
b1c3,938,1.0438045
b1c3,939,1.0442891
b1c3,940,1.0440066
b1c3,941,1.0436362
b1c3,942,1.0442176
b1c3,943,1.0434662
b1c3,944,1.0413921
b1c3,945,1.0416316
b1c3,946,1.0426245
b1c3,947,1.0411052
b1c3,948,1.0411513
b1c3,949,1.04319
b1c3,950,1.0406916
b1c3,951,1.0409452
b1c3,952,1.0429487
b1c3,953,1.0408863
b1c3,954,1.0408254
b1c3,955,1.0410795
b1c3,956,1.0413861
b1c3,957,1.0402777
b1c3,958,1.0404568
b1c3,959,1.0421057
b1c3,960,1.04015
b1c3,961,1.0397189
b1c3,962,1.0410136
b1c3,963,1.0392118
b1c3,964,1.039093
b1c3,965,1.0389198
b1c3,966,1.0393894
b1c3,967,1.0387063
b1c3,968,1.0379866
b1c3,969,1.039088
b1c3,970,1.0380113
b1c3,971,1.0375137
b1c3,972,1.0375247
b1c3,973,1.0377055
b1c3,974,1.0377831
b1c3,975,1.0387517
b1c3,976,1.0383457
b1c3,977,1.0380929
b1c3,978,1.038669
b1c3,979,1.038424
b1c3,980,1.0374321
b1c3,981,1.0373765
b1c3,982,1.0383124
b1c3,983,1.0375423
b1c3,984,1.0365694
b1c3,985,1.0374397
b1c3,986,1.0381298
b1c3,987,1.0365291
b1c3,988,1.036154
b1c3,989,1.0384743
b1c3,990,1.0366871
b1c3,991,1.0351158
b1c3,992,1.0358374
b1c3,993,1.0353649
b1c3,994,1.0351468
b1c3,995,1.0354655
b1c3,996,1.0361035
b1c3,997,1.0345701
b1c3,998,1.0350956
b1c3,999,1.0367213
b1c3,1000,1.0346525
b1c3,1001,1.0339092
b1c3,1002,1.0346185
b1c3,1003,1.0341966
b1c3,1004,1.0337812
b1c3,1005,1.0337777
b1c3,1006,1.0345383
b1c3,1007,1.0333815
b1c3,1008,1.0339255
b1c3,1009,1.0350702
b1c3,1010,1.0337005
b1c3,1011,1.0327839
b1c3,1012,1.0332307
b1c3,1013,1.0329731
b1c3,1014,1.032617
b1c3,1015,1.0319779
b1c3,1016,1.0332725
b1c3,1017,1.0316427
b1c3,1018,1.0314797
b1c3,1019,1.0314873
b1c3,1020,1.0306302
b1c3,1021,1.0312117
b1c3,1022,1.031235
b1c3,1023,1.0317698
b1c3,1024,1.0306914
b1c3,1025,1.0319761
b1c3,1026,1.0318507
b1c3,1027,1.0313855
b1c3,1028,1.0312972
b1c3,1029,1.030941
b1c3,1030,1.0312254
b1c3,1031,1.030553
b1c3,1032,1.0302026
b1c3,1033,1.0304524
b1c3,1034,1.0302528
b1c3,1035,1.0295492
b1c3,1036,1.0299013
b1c3,1037,1.0295109
b1c3,1038,1.0293726
b1c3,1039,1.0294521
b1c3,1040,1.028901
b1c3,1041,1.0282081
b1c3,1042,1.0287482
b1c3,1043,1.0287241
b1c3,1044,1.0288498
b1c3,1045,1.0282573
b1c3,1046,1.0279512
b1c3,1047,1.0277325
b1c3,1048,1.0275682
b1c3,1049,1.027494
b1c3,1050,1.0276947
b1c3,1051,1.0274351
b1c3,1052,1.0270989
b1c3,1053,1.0267224
b1c3,1054,1.0267564
b1c3,1055,1.0265884
b1c3,1056,1.0261985
b1c3,1057,1.0254036
b1c3,1058,1.0256137
b1c3,1059,1.0257939
b1c3,1060,1.0253114
b1c3,1061,1.0256543
b1c3,1062,1.0255353
b1c3,1063,1.0245818
b1c3,1064,1.0252019
b1c3,1065,1.024572
b1c3,1066,1.0245359
b1c3,1067,1.0241977
b1c3,1068,1.0236692
b1c3,1069,1.0236772
b1c3,1070,1.0236802
b1c3,1071,1.0232586
b1c3,1072,1.0237315
b1c3,1073,1.0236163
b1c3,1074,1.023285
b1c3,1075,1.0228227
b1c3,1076,1.0228791
b1c3,1077,1.0225528
b1c3,1078,1.0218831
b1c3,1079,1.0224628
b1c3,1080,1.0216625
b1c3,1081,1.0215749
b1c3,1082,1.0210228
b1c3,1083,1.0215305
b1c3,1084,1.0206647
b1c3,1085,1.02079
b1c3,1086,1.0200071
b1c3,1087,1.0199587
b1c3,1088,1.0198716
b1c3,1089,1.0197208
b1c3,1090,1.0192835
b1c3,1091,1.0194517
b1c3,1092,1.018869
b1c3,1093,1.0186794
b1c3,1094,1.0182655
b1c3,1095,1.0187132
b1c3,1096,1.0186344
b1c3,1097,1.0177331
b1c3,1098,1.0178784
b1c3,1099,1.0178106
b1c3,1100,1.0173054
b1c3,1101,1.0172774
b1c3,1102,1.0164695
b1c3,1103,1.0166628
b1c3,1104,1.0168571
b1c3,1105,1.0160921
b1c3,1106,1.0159944
b1c3,1107,1.0157059
b1c3,1108,1.0158173
b1c3,1109,1.0157083
b1c3,1110,1.0153862
b1c3,1111,1.0147114
b1c3,1112,1.0147507
b1c3,1113,1.0144005
b1c3,1114,1.0145062
b1c3,1115,1.0140083
b1c3,1116,1.0137053
b1c3,1117,1.0130577
b1c3,1118,1.0128709
b1c3,1119,1.0125839
b1c3,1120,1.0121133
b1c3,1121,1.0114733
b1c3,1122,1.0121186
b1c3,1123,1.0116433
b1c3,1124,1.0115647
b1c3,1125,1.0112289
b1c3,1126,1.0111682
b1c3,1127,1.0101157
b1c3,1128,1.0098532
b1c3,1129,1.0100909
b1c3,1130,1.0094723
b1c3,1131,1.0099798
b1c3,1132,1.0089327
b1c3,1133,1.008226
b1c3,1134,1.0085543
b1c3,1135,1.0083911
b1c3,1136,1.0077692
b1c3,1137,1.0079256
b1c3,1138,1.0069954
b1c3,1139,1.0065347
b1c3,1140,1.0064241
b1c3,1141,1.0062513
b1c3,1142,1.0056447
b1c3,1143,1.005247
b1c3,1144,1.0050174
b1c3,1145,1.0043139
b1c3,1146,1.0040045
b1c3,1147,1.0035472
b1c3,1148,1.0037558
b1c3,1149,1.0028487
b1c3,1150,1.0029303
b1c3,1151,1.002195
b1c3,1152,1.001165
b1c3,1153,1.0012578
b1c3,1154,1.0004398
b1c3,1155,1.0003997
b1c3,1156,1.0000091
b1c3,1157,1.0000892
b1c3,1158,0.99901563
b1c3,1159,0.99888748
b1c3,1160,0.99885124
b1c3,1161,0.99841195
b1c3,1162,0.99796349
b1c3,1163,0.99726117
b1c3,1164,0.99692506
b1c3,1165,0.9964118
b1c3,1166,0.99586755
b1c3,1167,0.99549681
b1c3,1168,0.9953959
b1c3,1169,0.99474818
b1c3,1170,0.99429667
b1c3,1171,0.99402118
b1c3,1172,0.993505
b1c3,1173,0.99305594
b1c3,1174,0.99304283
b1c3,1175,0.99263674
b1c3,1176,0.99160659
b1c3,1177,0.99112874
b1c3,1178,0.99104381
b1c3,1179,0.99072933
b1c3,1180,0.99025893
b1c3,1181,0.98950523
b1c3,1182,0.98929197
b1c3,1183,0.98887235
b1c3,1184,0.98856413
b1c3,1185,0.98798817
b1c3,1186,0.9871031
b1c3,1187,0.98677754
b1c3,1188,0.98608178
b1c3,1189,0.98613507
b1c3,1190,0.98492819
b1c3,1191,0.98484164
b1c3,1192,0.98481703
b1c3,1193,0.98456323
b1c3,1194,0.98334515
b1c3,1195,0.98313731
b1c3,1196,0.98303288
b1c3,1197,0.98252946
b1c3,1198,0.98196274
b1c3,1199,0.98168981
b1c3,1200,0.98113483
b1c3,1201,0.98126155
b1c3,1202,0.98014438
b1c3,1203,0.98027891
b1c3,1204,0.97930187
b1c3,1205,0.97933757
b1c3,1206,0.97866589
b1c3,1207,0.97863841
b1c3,1208,0.97818154
b1c3,1209,0.97740322
b1c3,1210,0.97649843
b1c3,1211,0.97684449
b1c3,1212,0.97611427
b1c3,1213,0.97544026
b1c3,1214,0.97506505
b1c3,1215,0.9743315
b1c3,1216,0.97423136
b1c3,1217,0.97377819
b1c3,1218,0.97330576
b1c3,1219,0.97286212
b1c3,1220,0.9729178
b1c3,1221,0.97213107
b1c3,1222,0.97196633
b1c3,1223,0.97127265
b1c3,1224,0.97135609
b1c3,1225,0.97092122
b1c3,1226,0.97206396
b1c3,1227,0.9716751
b1c3,1228,0.97047353
b1c3,1229,0.97087568
b1c3,1230,0.97007704
b1c3,1231,0.96937793
b1c3,1232,0.96829432
b1c3,1233,0.96825075
b1c3,1234,0.96712035
b1c3,1235,0.96633095
b1c3,1236,0.96665663
b1c3,1237,0.96525216
b1c3,1238,0.96481347
b1c3,1239,0.96401888
b1c3,1240,0.96377099
b1c3,1241,0.96343994
b1c3,1242,0.96278155
b1c3,1243,0.96169853
b1c3,1244,0.96150035
b1c3,1245,0.96043062
b1c3,1246,0.95908165
b1c3,1247,0.96020985
b1c3,1248,0.95904386
b1c3,1249,0.95793217
b1c3,1250,0.95732766
b1c3,1251,0.95786411
b1c3,1252,0.95617831
b1c3,1253,0.95598924
b1c3,1254,0.95433563
b1c3,1255,0.9554469
b1c3,1256,0.95446581
b1c3,1257,0.95407158
b1c3,1258,0.95255977
b1c3,1259,0.95310837
b1c3,1260,0.95249701
b1c3,1261,0.95163614
b1c3,1262,0.95160639
b1c3,1263,0.95125639
b1c3,1264,0.95059818
b1c3,1265,0.94989985
b1c3,1266,0.94981217
b1c3,1267,0.94933498
b1c3,1268,0.94909602
b1c3,1269,0.94843256
b1c3,1270,0.94870466
b1c3,1271,0.94828206
b1c3,1272,0.94736844
b1c3,1273,0.9467966
b1c3,1274,0.9462952
b1c3,1275,0.94575393
b1c3,1276,0.94535315
b1c3,1277,0.94536448
b1c3,1278,0.94490409
b1c3,1279,0.94428182
b1c3,1280,0.94339788
b1c3,1281,0.94290632
b1c3,1282,0.94292444
b1c3,1283,0.9425711
b1c3,1284,0.9418416
b1c3,1285,0.94228762
b1c3,1286,0.9415108
b1c3,1287,0.94126886
b1c3,1288,0.94093335
b1c3,1289,0.94027495
b1c3,1290,0.93994486
b1c3,1291,0.93945307
b1c3,1292,0.93868631
b1c3,1293,0.93854308
b1c3,1294,0.93813175
b1c3,1295,0.93747771
b1c3,1296,0.93734217
b1c3,1297,0.9378193
b1c3,1298,0.93686432
b1c3,1299,0.9358409
b1c3,1300,0.93596196
b1c3,1301,0.93539262
b1c3,1302,0.93497533
b1c3,1303,0.93425345
b1c3,1304,0.934425
b1c3,1305,0.934008
b1c3,1306,0.93330163
b1c3,1307,0.93299675
b1c3,1308,0.93273789
b1c3,1309,0.93316191
b1c3,1310,0.93207431
b1c3,1311,0.93197173
b1c3,1312,0.9313494
b1c3,1313,0.93058342
b1c3,1314,0.93033433
b1c3,1315,0.9300676
b1c3,1316,0.92976189
b1c3,1317,0.92944986
b1c3,1318,0.92939144
b1c3,1319,0.92839754
b1c3,1320,0.9284209
b1c3,1321,0.92761153
b1c3,1322,0.92756259
b1c3,1323,0.92723507
b1c3,1324,0.92675346
b1c3,1325,0.92590147
b1c3,1326,0.92558008
b1c3,1327,0.92515343
b1c3,1328,0.92483485
b1c3,1329,0.92511177
b1c3,1330,0.92410916
b1c3,1331,0.92383271
b1c3,1332,0.92310405
b1c3,1333,0.92265218
b1c3,1334,0.92282373
b1c3,1335,0.92205936
b1c3,1336,0.92255777
b1c3,1337,0.92186397
b1c3,1338,0.92121011
b1c3,1339,0.92097688
b1c3,1340,0.92011851
b1c3,1341,0.92048043
b1c3,1342,0.91969985
b1c3,1343,0.91937912
b1c3,1344,0.91882956
b1c3,1345,0.91838402
b1c3,1346,0.91799265
b1c3,1347,0.91726613
b1c3,1348,0.91706842
b1c3,1349,0.91689008
b1c3,1350,0.91644919
b1c3,1351,0.91640377
b1c3,1352,0.91602165
b1c3,1353,0.91583872
b1c3,1354,0.91481793
b1c3,1355,0.91417789
b1c3,1356,0.91399223
b1c3,1357,0.91382456
b1c3,1358,0.91328871
b1c3,1359,0.91253859
b1c3,1360,0.91205031
b1c3,1361,0.91180766
b1c3,1362,0.91131735
b1c3,1363,0.91075987
b1c3,1364,0.91044104
b1c3,1365,0.90997589
b1c3,1366,0.9098624
b1c3,1367,0.90922409
b1c3,1368,0.90921253
b1c3,1369,0.90896869
b1c3,1370,0.90877855
b1c3,1371,0.90783435
b1c3,1372,0.90754926
b1c3,1373,0.90735459
b1c3,1374,0.90722042
b1c3,1375,0.90639377
b1c3,1376,0.9058944
b1c3,1377,0.90573972
b1c3,1378,0.90511268
b1c3,1379,0.90467322
b1c3,1380,0.90396321
b1c3,1381,0.90354431
b1c3,1382,0.90343159
b1c3,1383,0.90268427
b1c3,1384,0.90192735
b1c3,1385,0.90190428
b1c3,1386,0.90181154
b1c3,1387,0.90112793
b1c3,1388,0.90070677
b1c3,1389,0.89997691
b1c3,1390,0.89955735
b1c3,1391,0.89931047
b1c3,1392,0.89878047
b1c3,1393,0.89779663
b1c3,1394,0.89730352
b1c3,1395,0.89745432
b1c3,1396,0.8967039
b1c3,1397,0.89609724
b1c3,1398,0.89536071
b1c3,1399,0.89536411
b1c3,1400,0.8953476
b1c3,1401,0.89527869
b1c3,1402,0.89437431
b1c3,1403,0.89412421
b1c3,1404,0.89382905
b1c3,1405,0.89312911
b1c3,1406,0.89211524
b1c3,1407,0.89203632
b1c3,1408,0.89140147
b1c3,1409,0.89089859
b1c3,1410,0.89087069
b1c3,1411,0.89044029
b1c3,1412,0.88999736
b1c3,1413,0.88915247
b1c3,1414,0.88885164
b1c3,1415,0.88830948
b1c3,1416,0.8880741
b1c3,1417,0.88689917
b1c3,1418,0.88664222
b1c3,1419,0.8862347
b1c3,1420,0.88576037
b1c3,1421,0.88519615
b1c3,1422,0.8849709
b1c3,1423,0.88417327
b1c3,1424,0.88342136
b1c3,1425,0.88270986
b1c3,1426,0.88279635
b1c3,1427,0.88250351
b1c3,1428,0.88227254
b1c3,1429,0.88164717
b1c3,1430,0.8808614
b1c3,1431,0.88081896
b1c3,1432,0.88042963
b1c3,1433,0.88012493
b2c29,1,1.0699197
b2c29,2,1.0725043
b2c29,3,1.0740113
b2c29,4,1.0743943
b2c29,5,1.0746225
b2c29,6,1.0751919
b2c29,7,1.0756115
b2c29,8,1.0753247
b2c29,9,1.0758957
b2c29,10,1.0762185
b2c29,11,1.0760227
b2c29,12,1.0765954
b2c29,13,1.0768864
b2c29,14,1.0768394
b2c29,15,1.0771252
b2c29,16,1.0772126
b2c29,17,1.0772059
b2c29,18,1.077522
b2c29,19,1.0773381
b2c29,20,1.077634
b2c29,21,1.0780132
b2c29,22,1.0777264
b2c29,23,1.077733
b2c29,24,1.0779768
b2c29,25,1.0775849
b2c29,26,1.0780925
b2c29,27,1.078277
b2c29,28,1.0779268
b2c29,29,1.0783483
b2c29,30,1.0784181
b2c29,31,1.0780286
b2c29,32,1.0782835
b2c29,33,1.0784762
b2c29,34,1.0782794
b2c29,35,1.0785064
b2c29,36,1.0785205
b2c29,37,1.0786949
b2c29,38,1.0790261
b2c29,39,1.0787888
b2c29,40,1.0788404
b2c29,41,1.0789772
b2c29,42,1.0785637
b2c29,43,1.0788754
b2c29,44,1.0790966
b2c29,45,1.0786086
b2c29,46,1.0789906
b2c29,47,1.0791485
b2c29,48,1.0784687
b2c29,49,1.0789117
b2c29,50,1.0790801
b2c29,51,1.078729
b2c29,52,1.0790319
b2c29,53,1.0791355
b2c29,54,1.0788271
b2c29,55,1.0790955
b2c29,56,1.0789634
b2c29,57,1.0788879
b2c29,58,1.0790948
b2c29,59,1.0787392
b2c29,60,1.0790167
b2c29,61,1.0792072
b2c29,62,1.0788153
b2c29,63,1.078967
b2c29,64,1.0791081
b2c29,65,1.0787772
b2c29,66,1.0791973
b2c29,67,1.079254
b2c29,68,1.0788829
b2c29,69,1.0792027
b2c29,70,1.0793418
b2c29,71,1.0789192
b2c29,72,1.079193
b2c29,73,1.0792215
b2c29,74,1.0790558
b2c29,75,1.0792208
b2c29,76,1.0790402
b2c29,77,1.0789559
b2c29,78,1.079085
b2c29,79,1.0788847
b2c29,80,1.0790732
b2c29,81,1.079204
b2c29,82,1.078692
b2c29,83,1.0789336
b2c29,84,1.078963
b2c29,85,1.0788269
b2c29,86,1.0790966
b2c29,87,1.0790656
b2c29,88,1.0787252
b2c29,89,1.0790383
b2c29,90,1.0791094
b2c29,91,1.0787774
b2c29,92,1.0789982
b2c29,93,1.0786406
b2c29,94,1.0787694
b2c29,95,1.0789355
b2c29,96,1.0785538
b2c29,97,1.0786701
b2c29,98,1.078789
b2c29,99,1.0785329
b2c29,100,1.0787998
b2c29,101,1.0788604
b2c29,102,1.0782932
b2c29,103,1.0786196
b2c29,104,1.0787096
b2c29,105,1.0780714
b2c29,106,1.0785189
b2c29,107,1.0785583
b2c29,108,1.0781133
b2c29,109,1.0770898
b2c29,110,1.078418
b2c29,111,1.07828
b2c29,112,1.0785463
b2c29,113,1.0783014
b2c29,114,1.0782635
b2c29,115,1.0783994
b2c29,116,1.0779394
b2c29,117,1.0780412
b2c29,118,1.0780691
b2c29,119,1.0776231
b2c29,120,1.0779161
b2c29,121,1.0779969
b2c29,122,1.0776021
b2c29,123,1.0778491
b2c29,124,1.0779343
b2c29,125,1.0775224
b2c29,126,1.077629
b2c29,127,1.0776677
b2c29,128,1.0774608
b2c29,129,1.0776637
b2c29,130,1.0775882
b2c29,131,1.0774124
b2c29,132,1.0774783
b2c29,133,1.0773956
b2c29,134,1.077394
b2c29,135,1.0775129
b2c29,136,1.0771226
b2c29,137,1.0773121
b2c29,138,1.0774074
b2c29,139,1.076938
b2c29,140,1.0772004
b2c29,141,1.0772389
b2c29,142,1.0767654
b2c29,143,1.0769658
b2c29,144,1.077068
b2c29,145,1.0766667
b2c29,146,1.0768498
b2c29,147,1.0768318
b2c29,148,1.0765765
b2c29,149,1.0767401
b2c29,150,1.0763817
b2c29,151,1.0764349
b2c29,152,1.0764151
b2c29,153,1.0761123
b2c29,154,1.0762841
b2c29,155,1.0763407
b2c29,156,1.0758815
b2c29,157,1.076278
b2c29,158,1.0762944
b2c29,159,1.0759659
b2c29,160,1.0761088
b2c29,161,1.0762284
b2c29,162,1.0757529
b2c29,163,1.0759453
b2c29,164,1.0759025
b2c29,165,1.075599
b2c29,166,1.0757089
b2c29,167,1.0754824
b2c29,168,1.0753574
b2c29,169,1.0754406
b2c29,170,1.0752236
b2c29,171,1.0754488
b2c29,172,1.0755838
b2c29,173,1.074982
b2c29,174,1.0752425
b2c29,175,1.0752823
b2c29,176,1.0747335
b2c29,177,1.0750289
b2c29,178,1.0750264
b2c29,179,1.0745828
b2c29,180,1.0747252
b2c29,181,1.074721
b2c29,182,1.0745747
b2c29,183,1.0747578
b2c29,184,1.074641
b2c29,185,1.0743666
b2c29,186,1.0744686
b2c29,187,1.074159
b2c29,188,1.074385
b2c29,189,1.0744741
b2c29,190,1.0739491
b2c29,191,1.0742304
b2c29,192,1.074095
b2c29,193,1.0736231
b2c29,194,1.0739132
b2c29,195,1.0739745
b2c29,196,1.0734106
b2c29,197,1.0737216
b2c29,198,1.073608
b2c29,199,1.0731603
b2c29,200,1.0733703
b2c29,201,1.0732844
b2c29,202,1.072994
b2c29,203,1.072975
b2c29,204,1.0726475
b2c29,205,1.0728744
b2c29,206,1.072989
b2c29,207,1.0725905
b2c29,208,1.0727677
b2c29,209,1.0729014
b2c29,210,1.0723382
b2c29,211,1.07257
b2c29,212,1.07253
b2c29,213,1.0720321
b2c29,214,1.0722899
b2c29,215,1.0722451
b2c29,216,1.0719142
b2c29,217,1.0719608
b2c29,218,1.0718336
b2c29,219,1.0715737
b2c29,220,1.0719018
b2c29,221,1.0715015
b2c29,222,1.071442
b2c29,223,1.0715483
b2c29,224,1.0711352
b2c29,225,1.0711697
b2c29,226,1.0711846
b2c29,227,1.0707109
b2c29,228,1.0709339
b2c29,229,1.070909
b2c29,230,1.0705432
b2c29,231,1.0707886
b2c29,232,1.0707537
b2c29,233,1.0702785
b2c29,234,1.0703744
b2c29,235,1.0702879
b2c29,236,1.0701456
b2c29,237,1.0702101
b2c29,238,1.069829
b2c29,239,1.0696037
b2c29,240,1.0683639
b2c29,241,1.069297
b2c29,242,1.0694379
b2c29,243,1.0694417
b2c29,244,1.0689363
b2c29,245,1.0690768
b2c29,246,1.0688818
b2c29,247,1.0474319
b2c29,248,1.0644184
b2c29,249,1.0671352
b2c29,250,1.0675894
b2c29,251,1.0680792
b2c29,252,1.0681245
b2c29,253,1.0678502
b2c29,254,1.0681168
b2c29,255,1.067911
b2c29,256,1.0677627
b2c29,257,1.0678567
b2c29,258,1.0671636
b2c29,259,1.0674912
b2c29,260,1.0676129
b2c29,261,1.0672958
b2c29,262,1.0672034
b2c29,263,1.0672523
b2c29,264,1.0669496
b2c29,265,1.066802
b2c29,266,1.0667465
b2c29,267,1.0664177
b2c29,268,1.0664721
b2c29,269,1.0664184
b2c29,270,1.0660003
b2c29,271,1.0662426
b2c29,272,1.0661727
b2c29,273,1.0656557
b2c29,274,1.0658892
b2c29,275,1.0657974
b2c29,276,1.0653462
b2c29,277,1.0653158
b2c29,278,1.0650175
b2c29,279,1.064896
b2c29,280,1.0649484
b2c29,281,1.0646328
b2c29,282,1.0644778
b2c29,283,1.064366
b2c29,284,1.0640684
b2c29,285,1.0641124
b2c29,286,1.0639107
b2c29,287,1.0635294
b2c29,288,1.0634602
b2c29,289,1.0633154
b2c29,290,1.062973
b2c29,291,1.0631245
b2c29,292,1.0628843
b2c29,293,1.0625067
b2c29,294,1.0626423
b2c29,295,1.0624266
b2c29,296,1.0620099
b2c29,297,1.0618654
b2c29,298,1.06156
b2c29,299,1.0614814
b2c29,300,1.0613635
b2c29,301,1.0609423
b2c29,302,1.0611224
b2c29,303,1.0609205
b2c29,304,1.0603496
b2c29,305,1.0601546
b2c29,306,1.0599412
b2c29,307,1.0597637
b2c29,308,1.0599074
b2c29,309,1.0596156
b2c29,310,1.0590612
b2c29,311,1.0591288
b2c29,312,1.0587246
b2c29,313,1.0585111
b2c29,314,1.0582621
b2c29,315,1.0579821
b2c29,316,1.0578845
b2c29,317,1.0576926
b2c29,318,1.0573889
b2c29,319,1.0572572
b2c29,320,1.0569893
b2c29,321,1.0565828
b2c29,322,1.0565392
b2c29,323,1.0561277
b2c29,324,1.055828
b2c29,325,1.055799
b2c29,326,1.0556624
b2c29,327,1.055243
b2c29,328,1.0550059
b2c29,329,1.0545412
b2c29,330,1.0544351
b2c29,331,1.0542624
b2c29,332,1.0537496
b2c29,333,1.0536809
b2c29,334,1.0532799
b2c29,335,1.0527744
b2c29,336,1.0526524
b2c29,337,1.0524204
b2c29,338,1.0518981
b2c29,339,1.051833
b2c29,340,1.0516156
b2c29,341,1.0511999
b2c29,342,1.0511886
b2c29,343,1.0507872
b2c29,344,1.0501059
b2c29,345,1.0499294
b2c29,346,1.049528
b2c29,347,1.0493621
b2c29,348,1.0492284
b2c29,349,1.0485793
b2c29,350,1.0484167
b2c29,351,1.048244
b2c29,352,1.0474209
b2c29,353,1.0472828
b2c29,354,1.0470103
b2c29,355,1.0465263
b2c29,356,1.0462533
b2c29,357,1.046031
b2c29,358,1.045251
b2c29,359,1.0451649
b2c29,360,1.0446957
b2c29,361,1.0441884
b2c29,362,1.0439802
b2c29,363,1.0434302
b2c29,364,1.043225
b2c29,365,1.0430102
b2c29,366,1.0423048
b2c29,367,1.0421029
b2c29,368,1.0417049
b2c29,369,1.0409467
b2c29,370,1.0407556
b2c29,371,1.0404316
b2c29,372,1.0396171
b2c29,373,1.0394231
b2c29,374,1.0389042
b2c29,375,1.0383217
b2c29,376,1.0380329
b2c29,377,1.0375191
b2c29,378,1.0369327
b2c29,379,1.0365269
b2c29,380,1.0358663
b2c29,381,1.0355376
b2c29,382,1.0350314
b2c29,383,1.0337695
b2c29,384,1.0335951
b2c29,385,1.0330548
b2c29,386,1.032176
b2c29,387,1.0319414
b2c29,388,1.031389
b2c29,389,1.0296381
b2c29,390,1.0304826
b2c29,391,1.029933
b2c29,392,1.0286649
b2c29,393,1.0285752
b2c29,394,1.0278549
b2c29,395,1.0267935
b2c29,396,1.0267006
b2c29,397,1.0258776
b2c29,398,1.0254443
b2c29,399,1.0248722
b2c29,400,1.0236466
b2c29,401,1.0234221
b2c29,402,1.0225576
b2c29,403,1.0212198
b2c29,404,1.0210105
b2c29,405,1.0205857
b2c29,406,1.0195415
b2c29,407,1.0190467
b2c29,408,1.0181189
b2c29,409,1.0171093
b2c29,410,1.0164533
b2c29,411,1.01552
b2c29,412,1.0148154
b2c29,413,1.0141622
b2c29,414,1.0126169
b2c29,415,1.0118054
b2c29,416,1.0114014
b2c29,417,1.0102175
b2c29,418,1.0097038
b2c29,419,1.0085504
b2c29,420,1.0072136
b2c29,421,1.0064603
b2c29,422,1.0054411
b2c29,423,1.0040249
b2c29,424,1.0033802
b2c29,425,1.0023141
b2c29,426,1.0013729
b2c29,427,0.99998522
b2c29,428,0.99916774
b2c29,429,0.99762225
b2c29,430,0.99695933
b2c29,431,0.9955281
b2c29,432,0.99408495
b2c29,433,0.9931953
b2c29,434,0.99200666
b2c29,435,0.99065399
b2c29,436,0.98914546
b2c29,437,0.98768437
b2c29,438,0.98628235
b2c29,439,0.98542958
b2c29,440,0.98379517
b2c29,441,0.9825533
b2c29,442,0.98086798
b2c29,443,0.97936219
b2c29,444,0.97736079
b2c29,445,0.97640765
b2c29,446,0.97468442
b2c29,447,0.97323418
b2c29,448,0.97160357
b2c29,449,0.96982026
b2c29,450,0.96839833
b2c29,451,0.96677482
b2c29,452,0.96497685
b2c29,453,0.96343631
b2c29,454,0.96185333
b2c29,455,0.96018088
b2c29,456,0.95818198
b2c29,457,0.95660007
b2c29,458,0.95502454
b2c29,459,0.95298302
b2c29,460,0.9493925
b2c29,461,0.9497245
b2c29,462,0.94754612
b2c29,463,0.94573236
b2c29,464,0.94411141
b2c29,465,0.9421674
b2c29,466,0.93898565
b2c29,467,0.93909281
b2c29,468,0.93704808
b2c29,469,0.93503064
b2c29,470,0.93303025
b2c29,471,0.93091232
b2c29,472,0.92890632
b2c29,473,0.92698967
b2c29,474,0.92488366
b2c29,475,0.92267615
b2c29,476,0.92112273
b2c29,477,0.91909462
b2c29,478,0.91713774
b2c29,479,0.91515273
b2c29,480,0.91320127
b2c29,481,0.91130441
b2c29,482,0.90940481
b2c29,483,0.90725988
b2c29,484,0.90519047
b2c29,485,0.9033094
b2c29,486,0.90124822
b2c29,487,0.89978689
b2c29,488,0.89742196
b2c29,489,0.89593619
b2c29,490,0.89398783
b2c29,491,0.89216143
b2c29,492,0.89015257
b2c29,493,0.88806713
b2c29,494,0.8863138
b2c29,495,0.88269246
b2c29,496,0.88176602
b2c29,497,0.88007635
b2c29,498,0.87917703
b2c29,499,0.87725234
b2c29,500,0.87507552
b2c29,501,0.87296075
b2c29,502,0.8708024
b2c29,503,0.86860687
b2c29,504,0.8664338
b2c29,505,0.8641758
b2c29,506,0.86188632
b2c29,507,0.8598358
b2c29,508,0.85763025
b2c29,509,0.85550356
b2c29,510,0.85310882
b2c29,511,0.85016966
b2c29,512,0.84886575
b2c29,513,0.84664249
b2c29,514,0.84458411
b2c29,515,0.8424747
b2c29,516,0.84003723
b2c29,517,0.83786356
b2c29,518,0.83563954
b2c29,519,0.83357257
b2c29,520,0.8310982
b2c29,521,0.82901657
b2c29,522,0.82688552
